{
  "animals": [
    {
      "id": "1",
      "name": "Rex",
      "favorite": true,
      "category": "1",
      "age": 5,
      "weight": 20,
      "favoriteFood": "Bone"
    },
    {
      "id": "2",
      "name": "Whiskers",
      "favorite": false,
      "category": "2",
      "age": 3,
      "weight": 4,
      "favoriteFood": "Fish"
    },
    {
      "id": "3",
      "name": "Buddy",
      "favorite": false,
      "category": "1",
      "age": 2,
      "weight": 10,
      "favoriteFood": "Chicken"
    },
    {
      "id": "4",
      "name": "Bella",
      "favorite": true,
      "category": "3",
      "age": 6,
      "weight": 15,
      "favoriteFood": "Carrots"
    },
    {
      "id": "5",
      "name": "Max",
      "favorite": true,
      "category": "2",
      "age": 4,
      "weight": 6,
      "favoriteFood": "Tuna"
    }
  ],
  "categories": [
    {
      "id": "1",
      "name": "Dog"
    },
    {
      "id": "2",
      "name": "Cat"
    },
    {
      "id": "3",
      "name": "Rabbit"
    },
    {
      "id": "4",
      "name": "Hamster"
    },
    {
      "id": "5",
      "name": "Bird"
    }
  ]
}